"","commit_sha","project_name","commit_msg","merge","line_added","line_removed","churns","lines_of_code","dmm_unit_size","dmm_unit_complexity","dmm_unit_interfacing","token_count","num_modified_methods","num_modified_files","file_names","num_file_formats","file_formats","num_change_type","change_types","completion_status","statuses","workflows","checks","combined"
"1","6bedd529f8e3c5194784a50585cf9ebf48b78118","CommitCanvas","Initial commit",FALSE,1,0,1,0,NA,NA,NA,0,0,1,"['README.md']",1,"['.md']",1,"['ADD']","[]","[]","[]","[]","N/A"
"2","f90f62bce2544d86e0ddb722e8f1cf6ea9ce021d","CommitCanvas","Create actions.yml",FALSE,33,0,33,0,NA,NA,NA,0,0,1,"['actions.yml']",1,"['.yml']",1,"['ADD']","['completed']","[]","[]","['failure']","fail"
"3","30f0cad8ee12ae4e7c3b65d7e5bcde501432e787","CommitCanvas","Update README",FALSE,14,12,2,0,NA,NA,NA,0,0,1,"['README.md']",1,"['.md']",1,"['MODIFY']","['completed']","[]","[]","['success']","pass"
"4","6ba0cc06db53b77e6bfc21cb6aa26b5494323b62","CommitCanvas","Add bash uploader",FALSE,0,1,-1,0,NA,NA,NA,0,0,1,"['build.yml']",1,"['.yml']",1,"['MODIFY']","['completed', 'completed', 'completed', 'completed', 'completed', 'completed', 'completed', 'completed', 'completed']","[]","[]","['success', 'success', 'success', 'success', 'cancelled', 'cancelled', 'cancelled', 'cancelled', 'failure']","fail"
"5","5fdb7f37b5acabc29d9393dca241b4e78954b0b3","CommitCanvas","Change bash uploader to codecov-action",FALSE,6,2,4,0,NA,NA,NA,0,0,1,"['build.yml']",1,"['.yml']",1,"['MODIFY']","[]","[]","['failure']","[]","fail"
"6","3ec17ad033a7df2c8b1af4ab751acbb614f8ae47","CommitCanvas","Fix minor error in build.yml",FALSE,1,1,0,0,NA,NA,NA,0,0,1,"['build.yml']",1,"['.yml']",1,"['MODIFY']","[]","[]","['failure']","[]","fail"
"7","7aa51fb565964c8f682f5e10cd5231352d7c89c7","CommitCanvas","Remove the bash uploader",FALSE,0,6,-6,0,NA,NA,NA,0,0,1,"['build.yml']",1,"['.yml']",1,"['MODIFY']","['completed', 'completed', 'completed', 'completed', 'completed', 'completed', 'completed', 'completed', 'completed']","[]","[]","['success', 'success', 'success', 'success', 'success', 'success', 'success', 'success', 'success']","pass"
"8","4ef5246f841d0458068b05b312e43fdaefc36b7a","CommitCanvas","Remove steps in build.yml",FALSE,4,0,4,0,NA,NA,NA,0,0,1,"['build.yml']",1,"['.yml']",1,"['MODIFY']","[]","[]","['failure']","[]","fail"
"9","866ef2ed0f3e295830b8181422454bf7b7469fd7","CommitCanvas","Fix the github actions syntax error",FALSE,3,3,0,0,NA,NA,NA,0,0,1,"['build.yml']",1,"['.yml']",1,"['MODIFY']","['completed', 'completed', 'completed', 'completed', 'completed', 'completed', 'completed', 'completed', 'completed']","[]","[]","['success', 'success', 'success', 'success', 'success', 'success', 'success', 'success', 'success']","pass"
"10","b69a2ea6cffa1af6a23aa8d6092aac4b2b13be53","CommitCanvas","Remove extra files",FALSE,0,1780,-1780,0,0,0,0,0,3,19,"['meta.json', 'cfg', 'model', 'moves', 'cfg', 'model', 'moves', 'cfg', 'model', 'tag_map', 'tokenizer', 'key2row', 'lexemes.bin', 'lookups.bin', 'lookups_extra.bin', 'strings.json', 'vectors', 'training_data.json', 'train_spacy_model.py']",10,"['.bin', '.json', '.py', 'cfg', 'key2row', 'model', 'moves', 'tag_map', 'tokenizer', 'vectors']",1,"['DELETE']","['completed', 'completed', 'completed', 'completed', 'completed', 'completed', 'completed', 'completed', 'completed']","[]","[]","['success', 'success', 'success', 'success', 'success', 'success', 'success', 'success', 'success']","pass"
"11","f7af05999a4e8159fb4c0cbbc3ca0fd52b9208ad","CommitCanvas","Remove Future work from README.md",FALSE,1,6,-5,0,NA,NA,NA,0,0,2,"['build.yml', 'README.md']",2,"['.md', '.yml']",1,"['MODIFY']","['completed', 'completed', 'completed', 'completed', 'completed', 'completed', 'completed', 'completed', 'completed']","[]","[]","['success', 'success', 'success', 'success', 'success', 'success', 'success', 'success', 'success']","pass"
"12","8179f06ba4fe7a17b0cc49c18e77f9db9399b3e2","CommitCanvas","Update revision id",FALSE,1,1,0,0,NA,NA,NA,0,0,1,"['.pre-commit-config.yaml']",1,"['.yaml']",1,"['MODIFY']","[]","[]","[]","[]","N/A"
"13","0a01dd610061a3775a76e87fe4e8680c7bb56463","CommitCanvas","Add tests to cover more checks",FALSE,5,0,5,53,NA,NA,NA,220,0,2,"['commit_message_checker.cpython-37.pyc', 'test_commit_canvas_check.py']",2,"['.py', '.pyc']",1,"['MODIFY']","['completed', 'completed', 'completed', 'completed', 'completed', 'completed', 'completed', 'completed', 'completed']","[]","[]","['success', 'success', 'success', 'success', 'success', 'success', 'success', 'success', 'success']","pass"
"14","cac3470bb30cadf9bbd30f64af8d983b803478c8","CommitCanvas","add documentation",FALSE,2,0,2,0,NA,NA,NA,0,0,1,"['.pre-commit-config.yaml']",1,"['.yaml']",1,"['MODIFY']","['completed']","[]","[]","['success']","pass"
"15","6df30221fe9181f36681ae87e7f481860d26559b","CommitCanvas","Add tests to cover more checks",FALSE,6,1,5,58,NA,NA,NA,228,0,1,"['test_commit_canvas_check.py']",1,"['.py']",1,"['MODIFY']","['completed', 'completed', 'completed', 'completed', 'completed', 'completed', 'completed', 'completed', 'completed']","[]","[]","['success', 'success', 'success', 'success', 'success', 'success', 'success', 'success', 'success']","pass"
"16","ce3bd71f745d4d90b1d5ae57c0543c6adb94ce8c","CommitCanvas","Add coverage",FALSE,32,3,29,0,NA,NA,NA,0,0,5,"['.coveragerc', 'Pipfile', 'README.md', 'poetry.lock', 'pyproject.toml']",5,"['', '.lock', '.md', '.toml', 'Pipfile']",2,"['ADD', 'MODIFY']","['completed', 'completed', 'completed', 'completed', 'completed', 'completed', 'completed', 'completed', 'completed']","[]","[]","['success', 'success', 'success', 'success', 'success', 'success', 'success', 'success', 'success']","pass"
"17","0b0276be3d3b969a80c80e298a8e2a2261532f47","CommitCanvas","Add codecov file to ignore certain folders",FALSE,2,12,-10,0,NA,NA,NA,0,0,3,"['.coveragerc', 'README.md', 'codecov.yml']",3,"['', '.md', '.yml']",3,"['ADD', 'DELETE', 'MODIFY']","['completed', 'completed', 'completed', 'completed', 'completed', 'completed', 'completed', 'completed', 'completed']","[]","[]","['success', 'success', 'success', 'success', 'success', 'success', 'success', 'success', 'success']","pass"
"18","3f01ddc97cfced8069f8527651284abaedd6fde6","CommitCanvas","Add issues templates",FALSE,78,0,78,0,NA,NA,NA,0,0,4,"['---bug-report.md', '---documentation.md', '---feature-request.md', 'PULL_REQUEST_TEMPLATE.md.md']",1,"['.md']",2,"['ADD', 'RENAME']","['completed', 'completed', 'completed', 'completed', 'completed', 'completed', 'completed', 'completed', 'completed']","[]","[]","['success', 'success', 'success', 'success', 'success', 'success', 'success', 'success', 'success']","pass"
"19","866613f27404e307e6f3698a1360b9043c1bdcc2","CommitCanvas","Add issue_templates and pull_request template",FALSE,113,0,113,0,NA,NA,NA,0,0,5,"['bug-report.md', 'custom.md', 'documentation.md', 'feature-request.md', 'PULL_REQUEST_TEMPLATE.md']",1,"['.md']",1,"['ADD']","['completed']","[]","[]","['success']","pass"
"20","2a0e66631c6466dff2353a79905ff1ceadc49093","CommitCanvas","Fix a file name",FALSE,0,0,0,0,NA,NA,NA,0,0,1,"['other.md']",1,"['.md']",1,"['RENAME']","['completed']","[]","[]","['success']","pass"
"21","28140b1a6a5d5c5c181e6cbbd15fc328967cc5af","CommitCanvas","Remove title and ssignees section",FALSE,1,9,-8,0,NA,NA,NA,0,0,4,"['bug-report.md', 'documentation.md', 'feature-request.md', 'other.md']",1,"['.md']",1,"['MODIFY']","['completed']","[]","[]","['success']","pass"
"22","1e7b2a9980fecf9577f7446dc845298355af3a0a","CommitCanvas","Fix the urls",FALSE,2,2,0,0,NA,NA,NA,0,0,1,"['other.md']",1,"['.md']",1,"['MODIFY']","['completed']","[]","[]","['success']","pass"
"23","9dfa0ac69f3a5edbb93ae111c0c0128fbb22420b","CommitCanvas","Merge pull request #4 from CommittedTeam/issue_templates

issue and pull request templates",TRUE,0,0,0,0,NA,NA,NA,0,0,0,"[]",0,"[]",0,"[]","['completed']","[]","['success']","[]","pass"
"24","df275d5dddd7d3079484539f2349c41eea810471","CommitCanvas","Remove emojis from issue templates",FALSE,4,4,0,0,NA,NA,NA,0,0,4,"['bug-report.md', 'documentation.md', 'feature-request.md', 'other.md']",1,"['.md']",1,"['MODIFY']","['completed']","[]","['success']","[]","pass"
"25","52178b12fc74777c963a5e7ea83b0cbaf2fe1240","CommitCanvas","Update README",FALSE,1,3,-2,0,NA,NA,NA,0,0,1,"['README.md']",1,"['.md']",1,"['MODIFY']","['completed']","[]","[]","['success']","pass"
"26","0434766af3b10b5fb9f0aadf334bdd5c74c39824","CommitCanvas","Remove issue tmeplates since they are already on the master branch",FALSE,0,98,-98,0,NA,NA,NA,0,0,4,"['---bug-report.md', '---documentation.md', '---feature-request.md', 'PULL_REQUEST_TEMPLATE.md.md']",1,"['.md']",1,"['DELETE']","['completed', 'completed', 'completed', 'completed', 'completed', 'completed', 'completed', 'completed', 'completed']","['failure']","[]","['success', 'success', 'success', 'success', 'success', 'success', 'success', 'success', 'success']","fail"
"27","635c22950fd4a236f08e92419730e7cc85276f9a","CommitCanvas","Add codacy code quality badge",FALSE,5,2,3,0,NA,NA,NA,0,0,1,"['README.md']",1,"['.md']",1,"['MODIFY']","['completed', 'completed', 'completed', 'completed', 'completed', 'completed', 'completed', 'completed', 'completed']","['failure']","[]","['cancelled', 'failure', 'failure', 'neutral', 'cancelled', 'cancelled', 'cancelled', 'cancelled', 'cancelled']","fail"
"28","8f17d51292adfeb957cf68a6d1ce512ad22c6af4","CommitCanvas","fix minor errors in readme",FALSE,1,1,0,0,NA,NA,NA,0,0,1,"['README.md']",1,"['.md']",1,"['MODIFY']","['completed', 'completed', 'completed', 'completed', 'completed', 'completed', 'completed', 'completed', 'completed']","['failure']","[]","['cancelled', 'failure', 'failure', 'cancelled', 'cancelled', 'cancelled', 'cancelled', 'cancelled', 'cancelled']","fail"
"29","752074b5fe6e9f9f7f00801b88316da37c4dd7ce","CommitCanvas","Test code quality output",FALSE,0,1,-1,24,NA,NA,NA,162,0,1,"['commit_message_checker.py']",1,"['.py']",1,"['MODIFY']","[]","[]","[]","[]","N/A"
"30","c5e5d12952c83e138c4f8b9425e560ffaf98c715","CommitCanvas","Add pre-commit hooks",FALSE,2,20,-18,0,NA,NA,NA,0,0,2,"['SOURCES.txt', 'requires.txt']",1,"['.txt']",1,"['MODIFY']","['completed', 'completed', 'completed', 'completed', 'completed', 'completed', 'completed', 'completed', 'completed']","['success']","[]","['cancelled', 'failure', 'failure', 'cancelled', 'cancelled', 'cancelled', 'cancelled', 'cancelled', 'cancelled']","fail"
"31","b00b911b469d4e81e48a130b4cc21be86d4c3422","CommitCanvas","Fix trailing whitespace in README.md",FALSE,1,1,0,0,NA,NA,NA,0,0,1,"['README.md']",1,"['.md']",1,"['MODIFY']","['completed', 'completed', 'completed', 'completed', 'completed', 'completed', 'completed', 'completed', 'completed']","['success']","[]","['success', 'success', 'success', 'success', 'success', 'success', 'success', 'success', 'success']","pass"
"32","0f8c44477cea0352decac061eb33ae1b6a730ea1","CommitCanvas","Add release.yml and fix contributing.md",FALSE,19,10,9,0,NA,NA,NA,0,0,2,"['release.yml', 'CONTRIBUTING.md']",2,"['.md', '.yml']",2,"['ADD', 'MODIFY']","['completed', 'completed', 'completed', 'completed', 'completed', 'completed', 'completed', 'completed', 'completed', 'completed']","['success']","['success']","[]","pass"
"33","56064eb54e589d3dedfee87e1e418cb33eec266b","CommitCanvas","Change rev id to tag in pre-commit configuration",FALSE,1,1,0,0,NA,NA,NA,0,0,1,"['.pre-commit-config.yaml']",1,"['.yaml']",1,"['MODIFY']","[]","[]","[]","[]","N/A"
"34","9c7c89de735c768dcda9733ec1292cd37ea238e7","CommitCanvas","Update README.md",FALSE,1,1,0,0,NA,NA,NA,0,0,1,"['README.md']",1,"['.md']",1,"['MODIFY']","[]","[]","[]","[]","N/A"
"35","5f662f3fac2447701976f6884dd8bb87db61d6d2","CommitCanvas","Change back to rev",FALSE,1,1,0,0,NA,NA,NA,0,0,1,"['.pre-commit-config.yaml']",1,"['.yaml']",1,"['MODIFY']","[]","[]","[]","[]","N/A"
"36","f66f9222087773d1593e79958eb15b8f1ce493b1","CommitCanvas","Update README.md",FALSE,13,2,11,0,NA,NA,NA,0,0,1,"['README.md']",1,"['.md']",1,"['MODIFY']","['completed']","[]","[]","['success']","pass"
"37","6393a59dd9fac111d827ec7887c6a8bbe9471fc4","CommitCanvas","Install commit-msg in .git/hooks",FALSE,1,1,0,0,NA,NA,NA,0,0,1,"['.pre-commit-config.yaml']",1,"['.yaml']",1,"['MODIFY']","['completed', 'completed', 'completed', 'completed', 'completed', 'completed', 'completed', 'completed', 'completed']","['success']","[]","['success', 'success', 'success', 'success', 'success', 'success', 'success', 'success', 'success']","pass"
"38","d4388811ca5d55566c63cd229c3cf2cbb97263dd","CommitCanvas","Add more badges in README.md",FALSE,7,3,4,0,NA,NA,NA,0,0,1,"['README.md']",1,"['.md']",1,"['MODIFY']","['completed', 'completed', 'completed', 'completed', 'completed', 'completed', 'completed', 'completed', 'completed']","['success']","[]","['success', 'success', 'success', 'success', 'success', 'success', 'success', 'success', 'success']","pass"
"39","56d7c4cebc11ef76cd1f08cf4deebc9846405d8e","CommitCanvas","Update key features in README.md",FALSE,16,12,4,0,NA,NA,NA,0,0,2,"['CONTRIBUTING.md', 'README.md']",1,"['.md']",1,"['MODIFY']","['completed', 'completed', 'completed', 'completed', 'completed', 'completed', 'completed', 'completed', 'completed']","['success']","[]","['success', 'success', 'success', 'success', 'success', 'success', 'success', 'success', 'success']","pass"
"40","f59ece781eab877dd2ee8a8ed2ef9ace96b84eea","CommitCanvas","Add comparison to other tools in README.md",FALSE,11,6,5,0,NA,NA,NA,0,0,5,"['Pipfile', 'README.md', 'requires.txt', 'poetry.lock', 'pyproject.toml']",5,"['.lock', '.md', '.toml', '.txt', 'Pipfile']",2,"['DELETE', 'MODIFY']","['completed', 'completed', 'completed', 'completed', 'completed', 'completed', 'completed', 'completed', 'completed']","['success']","[]","['success', 'success', 'success', 'success', 'success', 'success', 'success', 'success', 'success']","pass"
"41","6a5c116de7d5b78ac081db3a34448d112b6b91b1","CommitCanvas","Add note for clarifingcheck for imperative mood",FALSE,1,0,1,24,NA,NA,NA,162,1,1,"['commit_message_checker.py']",1,"['.py']",1,"['MODIFY']","['completed', 'completed', 'completed', 'completed', 'completed', 'completed', 'completed', 'completed', 'completed']","['success']","[]","['success', 'success', 'success', 'success', 'success', 'success', 'success', 'success', 'success']","pass"
"42","e541de607777e4b86ec1f9e72779efb59d26ca8d","CommitCanvas","Update function that checks imperative mood",FALSE,18,17,1,154,NA,NA,NA,685,1,6,"['build.yml', '__init__.cpython-37.pyc', 'commit_message_checker.cpython-37.pyc', 'commit_message_checker.py', 'test_commit_canvas_check.py', 'test_commit_message_checker.py']",3,"['.py', '.pyc', '.yml']",2,"['DELETE', 'MODIFY']","['completed', 'completed', 'completed', 'completed', 'completed', 'completed', 'completed', 'completed', 'completed']","['success']","[]","['success', 'success', 'success', 'success', 'success', 'success', 'success', 'success', 'success']","pass"
"43","5fca8f89f77d74d3eff24b707303812118f53616","CommitCanvas","Use tag instead of rev id in README.md",FALSE,1,1,0,0,NA,NA,NA,0,0,1,"['README.md']",1,"['.md']",1,"['MODIFY']","['completed', 'completed', 'completed', 'completed', 'completed', 'completed', 'completed', 'completed', 'completed']","['success']","[]","['success', 'success', 'success', 'success', 'success', 'success', 'success', 'success', 'success']","pass"
"44","63d401f1e23a2ea31b717234382251c32a5bae1c","CommitCanvas","Install poetry and build the package in release.yml",FALSE,23,0,23,0,NA,NA,NA,0,0,1,"['release.yml']",1,"['.yml']",1,"['MODIFY']","['completed', 'completed', 'completed', 'completed', 'completed', 'completed', 'completed', 'completed', 'completed', 'completed']","['success']","['success']","[]","pass"
"45","7c0e73051fbedec73154e92edf88d5383889726d","CommitCanvas","Update CommitCanvas tag in pre-commit configuration",FALSE,4,4,0,0,NA,NA,NA,0,0,3,"['.pre-commit-config.yaml', 'README.md', 'codecov.yml']",3,"['.md', '.yaml', '.yml']",1,"['MODIFY']","['completed', 'completed', 'completed', 'completed', 'completed', 'completed', 'completed', 'completed', 'completed']","['success']","[]","['success', 'success', 'success', 'success', 'success', 'success', 'success', 'success', 'success']","pass"
"46","01a8805c770e2b5ea586f72b1a69996b59eabc45","CommitCanvas","Merge pull request #3 from CommittedTeam/commit_message_check

Commit message check",TRUE,0,0,0,0,NA,NA,NA,0,0,0,"[]",0,"[]",0,"[]","['completed', 'completed', 'completed', 'completed', 'completed', 'completed', 'completed', 'completed', 'completed']","['success']","['success']","[]","pass"
"47","9181c32a3c172136bc6b8ea2f9244c2dd6639987","CommitCanvas","Merge pull request #1 from CommittedTeam/Set-up-repository

Set up repository",TRUE,0,0,0,0,NA,NA,NA,0,0,0,"[]",0,"[]",0,"[]","['completed']","['success']","['success']","[]","pass"
"48","ce0be3d737d581b35cc439be1c1e11c834eae427","pix2code","Initial commit",FALSE,304,0,304,0,NA,NA,NA,0,0,3,"['.gitignore', 'LICENSE', 'README.md']",3,"['', '.md', 'LICENSE']",1,"['ADD']","[]","[]","[]","[]","N/A"
"49","bb183a33473ee28a58ae1e83d6ef8f58776b836b","pix2code","update readme",FALSE,13,1,12,0,NA,NA,NA,0,0,1,"['README.md']",1,"['.md']",1,"['MODIFY']","[]","[]","[]","[]","N/A"
"50","cc65185d9306f72febba395de583f57ee5a48b3b","pix2code","quick update",FALSE,3,1,2,0,NA,NA,NA,0,0,2,"['.gitignore', 'README.md']",2,"['', '.md']",1,"['MODIFY']","[]","[]","[]","[]","N/A"
"51","806868083d92547050cf905cf2fc533876b2aafb","pix2code","add citation",FALSE,11,0,11,0,NA,NA,NA,0,0,1,"['README.md']",1,"['.md']",1,"['MODIFY']","[]","[]","[]","[]","N/A"
"52","99cfc0d573fdbbf586ae1d98c0c45cb2fec2b7a1","pix2code","update README: I've sampled the most common questions/requests I've received, thank you all for your interest in this project",FALSE,38,3,35,0,NA,NA,NA,0,0,1,"['README.md']",1,"['.md']",1,"['MODIFY']","[]","[]","[]","[]","N/A"
"53","62ea09a41f9476522794647c820152f030f66beb","pix2code","add content to FAQ: I have genuinely been asked this question multiple times",FALSE,7,0,7,0,NA,NA,NA,0,0,1,"['README.md']",1,"['.md']",1,"['MODIFY']","[]","[]","[]","[]","N/A"
"54","79e7d1aa766179daf8ac530f1a1eb1323514673c","pix2code","open-source datasets and Keras implementation: for educational purposes only",FALSE,1471,12,1459,908,0.483870967741935,0.723259762308998,0.424448217317487,7310,58,36,"['.gitignore', 'README.md', 'android-compiler.py', 'android-dsl-mapping.json', 'ios-dsl-mapping.json', 'web-dsl-mapping.json', 'Compiler.py', 'Node.py', 'Utils.py', '__init__.py', 'ios-compiler.py', 'web-compiler.py', 'pix2code_datasets.z01', 'pix2code_datasets.z02', 'pix2code_datasets.z03', 'pix2code_datasets.z04', 'pix2code_datasets.zip', '__init__.py', 'build_datasets.py', 'BeamSearch.py', 'Sampler.py', 'Utils.py', 'Vocabulary.py', '__init__.py', 'Dataset.py', 'Generator.py', '__init__.py', 'AModel.py', 'Config.py', '__init__.py', 'pix2code.py', 'convert_imgs_to_arrays.py', 'generate.py', 'pix2code', 'sample.py', 'train.py']",10,"['', '.json', '.md', '.py', '.z01', '.z02', '.z03', '.z04', '.zip', 'pix2code']",2,"['ADD', 'MODIFY']","[]","[]","[]","[]","N/A"
"55","e9b91551b10d84a1a0f68e3b9a85635216fa6a79","pix2code","release datasets segmented according to Github 50M max file size policy",FALSE,0,0,0,0,NA,NA,NA,0,0,10,"['pix2code_datasets.z01', 'pix2code_datasets.z02', 'pix2code_datasets.z03', 'pix2code_datasets.z04', 'pix2code_datasets.z05', 'pix2code_datasets.z06', 'pix2code_datasets.z07', 'pix2code_datasets.z08', 'pix2code_datasets.z09', 'pix2code_datasets.zip']",10,"['.z01', '.z02', '.z03', '.z04', '.z05', '.z06', '.z07', '.z08', '.z09', '.zip']",2,"['ADD', 'MODIFY']","[]","[]","[]","[]","N/A"
"56","0bc8e8a19321c7c84b36e48ba2748baa29cde42e","pix2code","Modernize Python 2 code to get ready for Python 3",FALSE,80,60,20,751,NA,NA,NA,6213,9,14,"['android-compiler.py', 'Node.py', 'ios-compiler.py', 'web-compiler.py', 'build_datasets.py', 'BeamSearch.py', 'Sampler.py', 'Dataset.py', 'Generator.py', 'pix2code.py', 'convert_imgs_to_arrays.py', 'generate.py', 'sample.py', 'train.py']",1,"['.py']",1,"['MODIFY']","[]","[]","[]","[]","N/A"
"57","b6af39501151df7a05759d763c708f6beced79a6","pix2code","Merge pull request #14 from cclauss/modernize-python2-code

Update print statements for compatibility with both Python 2 and 3",TRUE,0,0,0,0,NA,NA,NA,0,0,0,"[]",0,"[]",0,"[]","[]","[]","[]","[]","N/A"
"58","27413ae5069e6edaa14acca1ccbbef65fb531508","CommitCanvas","Add feature to check commit message quality",FALSE,499,7,492,54,0.613636363636364,1,1,302,8,10,"['.pre-commit-config.yaml', 'SOURCES.txt', 'requires.txt', '__main__.py', '__init__.cpython-37.pyc', '__main__.cpython-37.pyc', 'commit_message_checker.cpython-37.pyc', 'commit_message_checker.py', 'poetry.lock', 'pyproject.toml']",6,"['.lock', '.py', '.pyc', '.toml', '.txt', '.yaml']",2,"['ADD', 'MODIFY']","[]","[]","[]","[]","N/A"
"59","6f6a7ef782f5dda3e9f7f236583453a9f898522c","pix2code","Update build_datasets.py

for python3.5",FALSE,3,3,0,68,NA,NA,NA,621,0,1,"['build_datasets.py']",1,"['.py']",1,"['MODIFY']","[]","[]","[]","[]","N/A"
"60","51c61776bd33242cfabba42430b00981728967a7","pix2code","Update train.py

for python3.5",FALSE,2,2,0,47,NA,NA,NA,382,0,1,"['train.py']",1,"['.py']",1,"['MODIFY']","[]","[]","[]","[]","N/A"
"61","bcc0e38c2b2aa8fc3f03113508b89138df29bc95","pix2code","Update Vocabulary.py

for py3.5",FALSE,2,2,0,56,NA,NA,NA,427,2,1,"['Vocabulary.py']",1,"['.py']",1,"['MODIFY']","[]","[]","[]","[]","N/A"
"62","2a41d3cebf48e4e31e36c7d4e0b3087a07b76a8d","pix2code","Update convert_imgs_to_arrays.py

for py3.5",FALSE,2,2,0,28,NA,NA,NA,220,0,1,"['convert_imgs_to_arrays.py']",1,"['.py']",1,"['MODIFY']","[]","[]","[]","[]","N/A"
"63","26a78eea0a979cb30895c68199d28fa1f51ab1c0","pix2code","Update pix2code.py

for pip3 keras",FALSE,2,2,0,57,NA,NA,NA,691,2,1,"['pix2code.py']",1,"['.py']",1,"['MODIFY']","[]","[]","[]","[]","N/A"
"64","8a5dba34afb6246028dcc619bd125226f61914dc","pix2code","Update Utils.py

for python3",FALSE,3,3,0,38,NA,NA,NA,251,3,1,"['Utils.py']",1,"['.py']",1,"['MODIFY']","[]","[]","[]","[]","N/A"
"65","a8767765e4d766431a6ede5532e201dd9eb0c28c","pix2code","fix path",FALSE,4,4,0,74,NA,NA,NA,624,0,2,"['generate.py', 'sample.py']",1,"['.py']",1,"['MODIFY']","[]","[]","[]","[]","N/A"
"66","bbc32a4d76bee18fdadb750f76d56adf708c76a6","pix2code","fix typo in README",FALSE,1,1,0,0,NA,NA,NA,0,0,1,"['README.md']",1,"['.md']",1,"['MODIFY']","[]","[]","[]","[]","N/A"
"67","64bc3b331c600a932129ae9e307a243c98871b7b","pix2code","cross compatibility python 2 and 3",FALSE,17,3,14,137,1,1,1,1126,2,2,"['build_datasets.py', 'Vocabulary.py']",1,"['.py']",1,"['MODIFY']","[]","[]","[]","[]","N/A"
"68","e620230bfd92430d0a5038479a61eaa40ce3265f","pix2code","chore: gitignore generated files",FALSE,7,0,7,0,NA,NA,NA,0,0,1,"['.gitignore']",1,"['']",1,"['MODIFY']","[]","[]","[]","[]","N/A"
"69","dea78ca6229c05a94f20df11dcb9f7381ba4d400","CommitCanvas","Fix the diagnostic message",FALSE,2,1,1,43,1,1,1,243,1,2,"['commit_message_checker.cpython-37.pyc', 'commit_message_checker.py']",2,"['.py', '.pyc']",1,"['MODIFY']","[]","[]","[]","[]","N/A"
"70","4403f34bacfb4e107380ee852d12bde785b87d22","pix2code","chore(dev): add pip requirements for preparation and training",FALSE,26,0,26,0,NA,NA,NA,0,0,2,"['README.md', 'requirements.txt']",2,"['.md', '.txt']",2,"['ADD', 'MODIFY']","[]","[]","[]","[]","N/A"
"71","2045ed6383fb03c770c32b28082b83753ab72909","pix2code","chore: cleanup requirements",FALSE,1,10,-9,0,NA,NA,NA,0,0,1,"['requirements.txt']",1,"['.txt']",1,"['MODIFY']","[]","[]","[]","[]","N/A"
"72","94f651f00c686abee4fc633c7b6e4394c2cd3df5","pix2code","Merge pull request #16 from vicrep/master

Add pip requirements",TRUE,0,0,0,0,NA,NA,NA,0,0,0,"[]",0,"[]",0,"[]","[]","[]","[]","[]","N/A"
"73","f7f756c69301fd4f2c39f5e65644c909ba4cb87d","CommitCanvas","Add documentation to the code",FALSE,4,1,3,43,NA,NA,NA,243,2,2,"['commit_message_checker.cpython-37.pyc', 'commit_message_checker.py']",2,"['.py', '.pyc']",1,"['MODIFY']","[]","[]","[]","[]","N/A"
"74","f376c8da08851ea067f247a45080a8a3f609d3af","CommitCanvas","Add check for the capital letter",FALSE,20,1,19,53,0.5,1,1,299,3,2,"['commit_message_checker.cpython-37.pyc', 'commit_message_checker.py']",2,"['.py', '.pyc']",1,"['MODIFY']","[]","[]","[]","[]","N/A"
"75","69a0040e245ca998ce9093f7e76a65b550388df9","CommitCanvas","Remove extra split method",FALSE,1,2,-1,52,0,0,0,289,1,2,"['commit_message_checker.cpython-37.pyc', 'commit_message_checker.py']",2,"['.py', '.pyc']",1,"['MODIFY']","[]","[]","[]","[]","N/A"
"76","aa43187791bbf43b27d7d839b016a92450f14b94","CommitCanvas","Set up poetry and install dependencies",FALSE,253,0,253,4,1,1,1,16,1,9,"['PKG-INFO', 'SOURCES.txt', 'dependency_links.txt', 'top_level.txt', '__init__.py', 'poetry.lock', 'pyproject.toml', '__init__.py', 'test_commitcanvas.py']",5,"['.lock', '.py', '.toml', '.txt', 'PKG-INFO']",1,"['ADD']","['completed']","[]","[]","['success']","pass"
"77","90644f3c1e5fb132773d0a3ee927d2818c5928bd","CommitCanvas","Fix typo",FALSE,1,1,0,52,NA,NA,NA,289,0,2,"['commit_message_checker.cpython-37.pyc', 'commit_message_checker.py']",2,"['.py', '.pyc']",1,"['MODIFY']","['completed']","[]","[]","['success']","pass"
"78","6badacf1e60d7ae38cb22fd856e0e05e0fc6cea9","CommitCanvas","Fix bug with precommit that was giving two pylint scores",FALSE,3,1,2,52,NA,NA,NA,289,0,2,"['.pre-commit-config.yaml', 'commit_message_checker.py']",2,"['.py', '.yaml']",1,"['MODIFY']","['completed']","[]","[]","['success']","pass"
"79","4bd345b4e86a816155517615cc11e949258aa467","CommitCanvas","Fix typo",FALSE,1,1,0,52,NA,NA,NA,289,0,1,"['commit_message_checker.py']",1,"['.py']",1,"['MODIFY']","['completed']","[]","[]","['success']","pass"
"80","37f8c19f500ad9886abb95c47926696a49a5b658","CommitCanvas","Add pre-commit-hooks file",FALSE,8,0,8,0,NA,NA,NA,0,0,1,"['.pre-commit-hooks.yaml']",1,"['.yaml']",1,"['ADD']","['completed']","[]","[]","['success']","pass"
"81","a035d9a37c5abd6d2b274916d969f29b63938bd2","CommitCanvas","Configure commit-msg",FALSE,1,0,1,0,NA,NA,NA,0,0,1,"['.pre-commit-hooks.yaml']",1,"['.yaml']",1,"['MODIFY']","['completed']","[]","[]","['success']","pass"
"82","7765868fef47a755a5a0e2efbf55b9653fa265b9","CommitCanvas","Change pre-commit-hook configuration",FALSE,5,9,-4,0,NA,NA,NA,0,0,1,"['.pre-commit-hooks.yaml']",1,"['.yaml']",1,"['MODIFY']","['completed']","[]","[]","['success']","pass"
"83","d500f133175962756bd01c2cd91460da58a14022","CommitCanvas","Fix import error",FALSE,1,1,0,0,NA,NA,NA,0,0,1,"['.pre-commit-hooks.yaml']",1,"['.yaml']",1,"['MODIFY']","['completed']","[]","[]","['success']","pass"
"84","fc7888d1cbed23bb41e3e1102ca78f415c69a0f3","CommitCanvas","Fix entry in pre-commit-hooks",FALSE,1,1,0,0,NA,NA,NA,0,0,1,"['.pre-commit-hooks.yaml']",1,"['.yaml']",1,"['MODIFY']","['completed']","[]","[]","['success']","pass"
"85","6d819296473c24f4aa21e38672dd1d309cf1747c","CommitCanvas","Modify the output",FALSE,30,22,8,57,0,0,1,351,2,2,"['.pre-commit-hooks.yaml', 'commit_message_checker.py']",2,"['.py', '.yaml']",1,"['MODIFY']","['completed']","[]","[]","['success']","pass"
"86","4a530be1be81431719db61a79ef182a4f393dac1","CommitCanvas","Add script file and fix executable command",FALSE,37,3,34,0,NA,NA,NA,0,0,2,"['.pre-commit-hooks.yaml', 'commitcanvas.sh']",2,"['.sh', '.yaml']",2,"['ADD', 'MODIFY']","['completed']","[]","[]","['success']","pass"
"87","efdd1d750a6d90100e6f04a99f1d85c5cf0ab723","CommitCanvas","Set up entry point with poetry",FALSE,20,0,20,4,1,1,1,17,1,8,"['SOURCES.txt', 'entry_points.txt', '__main__.py', '__init__.cpython-37.pyc', '__main__.cpython-37.pyc', 'pyproject.toml', '__init__.cpython-37.pyc', 'test_commitcanvas.cpython-37-pytest-5.4.3.pyc']",4,"['.py', '.pyc', '.toml', '.txt']",2,"['ADD', 'MODIFY']","['completed']","[]","[]","['success']","pass"
"88","3fc6892e7bb894da15958d85722b7e69a267fd32","CommitCanvas","Fix import statement",FALSE,1,1,0,0,NA,NA,NA,0,0,1,"['commitcanvas.sh']",1,"['.sh']",1,"['MODIFY']","['completed']","[]","[]","['success']","pass"
"89","6c92cbd4ef70190318c277ee28d4920cebe2d036","CommitCanvas","Add commitcanvas as a hook",FALSE,6,0,6,0,NA,NA,NA,0,0,1,"['.pre-commit-config.yaml']",1,"['.yaml']",1,"['MODIFY']","[]","[]","[]","[]","N/A"
"90","29a38a13c8017f0468777c864f2bf0c572e0526c","CommitCanvas","Add commitcanvas as a hook",FALSE,1,0,1,0,NA,NA,NA,0,0,1,"['.pre-commit-config.yaml']",1,"['.yaml']",1,"['MODIFY']","[]","[]","[]","[]","N/A"
"91","abbc2579edfed3d2d6ddf8f0ef232b185bc48c27","CommitCanvas","Fix typo in the comment",FALSE,1,1,0,0,NA,NA,NA,0,0,1,"['.pre-commit-config.yaml']",1,"['.yaml']",1,"['MODIFY']","['completed']","[]","[]","['success']","pass"
"92","8d343f9ad488092f0d951890ed9a2c1f933bab5c","CommitCanvas","Add dependencies in the hooks config file",FALSE,1,0,1,0,NA,NA,NA,0,0,1,"['.pre-commit-hooks.yaml']",1,"['.yaml']",1,"['MODIFY']","['completed']","[]","[]","['success']","pass"
"93","3fafd3ff2d6bd056d3c7c0b57aaf3be798177218","CommitCanvas","Fix unexpected key error",FALSE,0,1,-1,0,NA,NA,NA,0,0,1,"['.pre-commit-hooks.yaml']",1,"['.yaml']",1,"['MODIFY']","['completed']","[]","[]","['success']","pass"
"94","027e5b4c07da121653d90e2fa31b0003e0c09b69","CommitCanvas","Generate the reuirements.txt so that pre-commit can install dependencies",FALSE,256,35,221,0,NA,NA,NA,0,0,6,"['requires.txt', '__main__.cpython-37.pyc', 'commit_message_checker.cpython-37.pyc', 'poetry.lock', 'pyproject.toml', 'requirements.txt']",4,"['.lock', '.pyc', '.toml', '.txt']",2,"['ADD', 'MODIFY']","['completed']","[]","[]","['success']","pass"
"95","5e58414cabc8587f40d7cb9aaa39887b45530342","CommitCanvas","Delete the requirements.txt file",FALSE,0,204,-204,0,NA,NA,NA,0,0,1,"['requirements.txt']",1,"['.txt']",1,"['DELETE']","['completed']","[]","[]","['success']","pass"
"96","ecdb65f7019fec3a9dad0e241db751477577b92a","CommitCanvas","Generate setup file for pre-commit",FALSE,41,0,41,29,NA,NA,NA,109,0,2,"['pyproject.toml', 'setup.py']",2,"['.py', '.toml']",2,"['ADD', 'MODIFY']","['completed']","[]","[]","['success']","pass"
"97","3273ea270483429166fef0387f55706fd280974e","CommitCanvas","Remove setup file",FALSE,0,36,-36,0,NA,NA,NA,0,0,1,"['setup.py']",1,"['.py']",1,"['DELETE']","['completed']","[]","[]","['success']","pass"
"98","525b48c70f2e12b0a17cb88de600d72fce3f5532","CommitCanvas","Set up pre-commit",FALSE,43,3,40,12,NA,NA,NA,39,2,5,"['.pre-commit-config.yaml', '__init__.py', '__main__.py', '__init__.py', 'test_commitcanvas.py']",2,"['.py', '.yaml']",2,"['ADD', 'MODIFY']","['completed']","[]","[]","['success']","pass"
"99","6561f02c8ab31db238222ea7b7bf013af7e9b609","CommitCanvas","Resolve the issue that caused pre-commit to display the output twice",FALSE,8,0,8,0,NA,NA,NA,0,0,2,"['.pre-commit-config.yaml', 'README.md']",2,"['.md', '.yaml']",1,"['MODIFY']","['completed']","[]","[]","['success']","pass"
"100","fe381419080122b0e7dbfd7bd90a371a8e8ef22a","CommitCanvas","Add requirements.txt for pre-commit",FALSE,5,0,5,0,NA,NA,NA,0,0,1,"['requirements.txt']",1,"['.txt']",1,"['ADD']","['completed']","[]","[]","['success']","pass"
"101","9faefcaa971df04b0b8622480098aee440339e8f","CommitCanvas","Change the filename",FALSE,0,0,0,0,NA,NA,NA,0,0,1,"['requirements-dev.txt']",1,"['.txt']",1,"['RENAME']","['completed']","[]","[]","['success']","pass"
"102","4e6eadd8ba2d6e2e33ff22db477ca14df386dffa","CommitCanvas","Remove requiremnts.txt, pre commit should work with pyproject.toml",FALSE,0,5,-5,0,NA,NA,NA,0,0,1,"['requirements-dev.txt']",1,"['.txt']",1,"['DELETE']","['completed']","[]","[]","['success']","pass"
"103","3df606c96a094dcc9024dfd2f99ecda7bec0cc4d","CommitCanvas","Build the package",FALSE,0,0,0,0,NA,NA,NA,0,0,2,"['CommitCanvas-0.1.0-py3-none-any.whl', 'CommitCanvas-0.1.0.tar.gz']",2,"['.gz', '.whl']",1,"['ADD']","['completed']","[]","[]","['success']","pass"
"104","6e6d7d69d8a08f77a741badaa0e1e36151ce0ceb","CommitCanvas","Remove dist folder",FALSE,0,0,0,0,NA,NA,NA,0,0,2,"['CommitCanvas-0.1.0-py3-none-any.whl', 'CommitCanvas-0.1.0.tar.gz']",2,"['.gz', '.whl']",1,"['DELETE']","['completed']","[]","[]","['success']","pass"
"105","f90c436d033da8a723be786cf75c269f1311205b","CommitCanvas","Train the small spacy language model with commit messages",FALSE,3120,8,3112,89,1,1,1,521,4,19,"['commit_message_checker.py', 'meta.json', 'cfg', 'model', 'moves', 'cfg', 'model', 'moves', 'cfg', 'model', 'tag_map', 'tokenizer', 'key2row', 'lookups.bin', 'lookups_extra.bin', 'strings.json', 'vectors', 'training_data.json', 'train_spacy_model.py']",10,"['.bin', '.json', '.py', 'cfg', 'key2row', 'model', 'moves', 'tag_map', 'tokenizer', 'vectors']",2,"['ADD', 'MODIFY']","['completed']","[]","[]","['success']","pass"
"106","b9d51b64e381a4de3c9a3780288deccdc557ada3","CommitCanvas","Fix the path to the model",FALSE,1,1,0,54,NA,NA,NA,301,1,1,"['commit_message_checker.py']",1,"['.py']",1,"['MODIFY']","['completed']","[]","[]","['success']","pass"
"107","47212f987826f0cf8665ce318aa2b51022cc0d3a","CommitCanvas","Update the model with new type of data",FALSE,5,1342,-1337,54,NA,NA,NA,301,1,6,"['__init__.cpython-37.pyc', '__main__.cpython-37.pyc', 'commit_message_checker.cpython-37.pyc', 'commit_message_checker.py', 'model', 'strings.json']",4,"['.json', '.py', '.pyc', 'model']",2,"['DELETE', 'MODIFY']","['completed']","[]","[]","['success']","pass"
"108","6bb713d50ee692cd298c327c09a074e3367ff351","CommitCanvas","Fix path to the model",FALSE,5,1,4,56,1,1,1,315,1,1,"['commit_message_checker.py']",1,"['.py']",1,"['MODIFY']","['completed']","[]","[]","['success']","pass"
"109","0560fff0bf936d0c8bae35db684a62b7a3cd156f","CommitCanvas","Add linter check to actions",FALSE,3,0,3,0,NA,NA,NA,0,0,1,"['actions.yml']",1,"['.yml']",1,"['MODIFY']","['completed']","[]","[]","['failure']","fail"
"110","40e0ddb1f1aa19c6e0f684c8a9e0190499faad7f","CommitCanvas","Update revision id for commitcanvas",FALSE,1,1,0,0,NA,NA,NA,0,0,1,"['.pre-commit-config.yaml']",1,"['.yaml']",1,"['MODIFY']","['completed']","[]","[]","['success']","pass"
"111","f071c9524a7e68b54c8b6ae4965c1d004b62006d","CommitCanvas","Move en-core-web-sm to dev-dependencies",FALSE,47,30,17,0,NA,NA,NA,0,0,4,"['SOURCES.txt', 'requires.txt', 'poetry.lock', 'pyproject.toml']",3,"['.lock', '.toml', '.txt']",1,"['MODIFY']","['completed']","[]","[]","['success']","pass"
"112","bf36c93ac75bd9306571afa807228f6aedc3f820","CommitCanvas","Modify output of commitcanvas",FALSE,59,41,18,36,1,0.833333333333333,0,216,2,3,"['.pre-commit-config.yaml', 'commitcanvas.sh', 'commit_message_checker.py']",3,"['.py', '.sh', '.yaml']",1,"['MODIFY']","['completed']","[]","[]","['success']","pass"
"113","cc2bc55cff5d8fe3b100b08e9e2f305e645cd74a","CommitCanvas","Modify output of commitcanvas",FALSE,73,15,58,0,NA,NA,NA,0,0,2,"['.pre-commit-config.yaml', 'commitcanvas.sh']",2,"['.sh', '.yaml']",1,"['MODIFY']","['completed']","[]","[]","['success']","pass"
"114","d557139fc983af52e0f8d4a1398eb971b77db3fa","CommitCanvas","Update revision id forcommitcanvas",FALSE,5,112,-107,33,0,0.846153846153846,0,192,2,4,"['.pre-commit-config.yaml', 'commitcanvas.sh', '__main__.py', 'commit_message_checker.py']",3,"['.py', '.sh', '.yaml']",1,"['MODIFY']","['completed']","[]","[]","['success']","pass"
"115","d6c5bd638a723526f1dd034a56ac181f4217bb23","CommitCanvas","Update the entry point for commitcanvas",FALSE,17,17,0,52,0,0,0,300,1,8,"['.pre-commit-config.yaml', '.pre-commit-hooks.yaml', 'README.md', 'commitcanvas.py', '__init__.cpython-37.pyc', 'commit_message_checker.cpython-37.pyc', 'commit_message_checker.py', 'lexemes.bin']",5,"['.bin', '.md', '.py', '.pyc', '.yaml']",3,"['ADD', 'MODIFY', 'RENAME']","['completed']","[]","[]","['failure']","fail"
"116","76ccf5d192db15dc739f77d594842ad2862db6cb","CommitCanvas","Comment out the entry points in pyproject.toml",FALSE,5,5,0,0,NA,NA,NA,0,0,1,"['pyproject.toml']",1,"['.toml']",1,"['MODIFY']","['completed']","[]","[]","['failure']","fail"
"117","2789676c6b003793debd4b32334560bd9548a910","CommitCanvas","Fix commitcanvas file name",FALSE,1,1,0,0,NA,NA,NA,0,0,2,"['.pre-commit-hooks.yaml', 'commitcanvas_check.py']",2,"['.py', '.yaml']",2,"['MODIFY', 'RENAME']","['completed']","[]","[]","['success']","pass"
"118","88f6449e6761eb6bf4842037ea1feeb383468176","CommitCanvas","Build the commitcanvas package and change the entry point for pre-commit",FALSE,33,16,17,5,0,0,0,19,2,7,"['.pre-commit-config.yaml', '.pre-commit-hooks.yaml', 'SOURCES.txt', '__main__.py', 'CommitCanvas-0.1.0-py3-none-any.whl', 'CommitCanvas-0.1.0.tar.gz', 'pyproject.toml']",6,"['.gz', '.py', '.toml', '.txt', '.whl', '.yaml']",2,"['ADD', 'MODIFY']","['completed']","[]","[]","['success']","pass"
"119","485e9d5130cb494b027fabc73058ba3106e779a6","CommitCanvas","Add checks to commitcanvas",FALSE,63,59,4,36,0,0,1,190,2,3,"['__main__.py', 'commitcanvas_check.py', 'commitcanvas_check.py']",1,"['.py']",3,"['ADD', 'DELETE', 'MODIFY']","['completed']","[]","[]","['success']","pass"
"120","1cfb8621ad36d3defcc9c34e866205666219c60e","CommitCanvas","Rearange the order of linters and add pre-commit to poetry",FALSE,180,22,158,0,NA,NA,NA,0,0,5,"['.pre-commit-config.yaml', 'SOURCES.txt', 'requires.txt', 'poetry.lock', 'pyproject.toml']",4,"['.lock', '.toml', '.txt', '.yaml']",2,"['ADD', 'MODIFY']","['completed']","[]","[]","['success']","pass"
"121","28ddd73839f7b2cad725d5ab9992674d9f53a528","CommitCanvas","Change path to the updated spacy language model",FALSE,1,1,0,23,NA,NA,NA,140,1,1,"['commit_message_checker.py']",1,"['.py']",1,"['MODIFY']","['completed']","[]","[]","['success']","pass"
"122","1c0778c01a098894255c442876077bb4f29570c7","CommitCanvas","Break down large script into functions",FALSE,18,26,-8,42,1,1,1,231,3,2,"['__main__.py', 'commitcanvas_check.py']",1,"['.py']",1,"['MODIFY']","['completed']","[]","[]","['success']","pass"
"123","5b95837e1b2bb38b97287480a2d1e38d9df4168e","CommitCanvas","Take command line argmnets from main file",FALSE,23,29,-6,62,0.25,0.25,0,360,6,3,"['__main__.py', 'commit_message_checker.py', 'commitcanvas_check.py']",1,"['.py']",1,"['MODIFY']","['completed']","[]","[]","['success']","pass"
"124","956f1a7b1a90886570cccd336735427c1ff2beab","CommitCanvas","Change path to the updated spacy language model",FALSE,1,1,0,23,NA,NA,NA,140,1,1,"['commit_message_checker.py']",1,"['.py']",1,"['MODIFY']","['completed']","[]","[]","['success']","pass"
"125","f3626ecc31a52a40862aafe0c00dc7a3099bbca4","CommitCanvas","Update path to the model",FALSE,1,1,0,23,NA,NA,NA,140,1,1,"['commit_message_checker.py']",1,"['.py']",1,"['MODIFY']","['completed']","[]","[]","['success']","pass"
"126","5eff6599fa6b5734ad8e7b766f0d60a34d3b324a","CommitCanvas","Change from load to from-disk method",FALSE,7,4,3,25,1,1,1,155,1,2,"['commit_message_checker.py', 'pyproject.toml']",2,"['.py', '.toml']",1,"['MODIFY']","['completed']","[]","[]","['success']","pass"
"127","ad7d548d459e918e172dfd731b58d7d58f85e8c5","CommitCanvas","Update math to the language model",FALSE,4,4,0,25,NA,NA,NA,155,1,2,"['commit_message_checker.py', 'pyproject.toml']",2,"['.py', '.toml']",1,"['MODIFY']","['completed']","[]","[]","['success']","pass"
"128","2961e89d906c0b5fc93118db217b14c0c5e3b7c9","CommitCanvas","Update Spacy version to match en_core_web_sm",FALSE,41,41,0,0,NA,NA,NA,0,0,7,"['SOURCES.txt', 'entry_points.txt', 'requires.txt', 'CommitCanvas-0.1.0-py3-none-any.whl', 'CommitCanvas-0.1.0.tar.gz', 'poetry.lock', 'pyproject.toml']",5,"['.gz', '.lock', '.toml', '.txt', '.whl']",1,"['MODIFY']","['completed']","[]","[]","['success']","pass"
"129","5c56e8bb57a10f0f0130eb1653c59167b0f619ba","CommitCanvas","Update the path",FALSE,1,1,0,25,NA,NA,NA,155,1,1,"['commit_message_checker.py']",1,"['.py']",1,"['MODIFY']","['completed']","[]","[]","['success']","pass"
"130","bb877f6cda92c0eebe1474eba659efa47ec50d63","CommitCanvas","Update the spacy language model and the path",FALSE,30,16,14,62,NA,NA,NA,410,3,6,"['commit_message_checker.py', 'model', 'model', 'lexemes.bin', 'strings.json', 'train_spacy_model.py']",4,"['.bin', '.json', '.py', 'model']",2,"['DELETE', 'MODIFY']","['completed']","[]","[]","['success']","pass"
"131","d00a97899be1f59bed69f6f696154a0efd02e4bf","CommitCanvas","Save pyproject",FALSE,0,1,-1,0,NA,NA,NA,0,0,1,"['pyproject.toml']",1,"['.toml']",1,"['MODIFY']","['completed']","[]","[]","['success']","pass"
"132","fe0ecc2ac23d298677f7149f51dffc3a3bb1755a","CommitCanvas","Load the updtaed spacy model",FALSE,2,3,-1,24,0,0,0,147,1,1,"['commit_message_checker.py']",1,"['.py']",1,"['MODIFY']","['completed']","[]","[]","['success']","pass"
"133","a3ea029db16657e672b0547bc4de296ce770d351","CommitCanvas","Use pathlib to acess the updated language model",FALSE,5,1,4,26,1,1,1,161,1,1,"['commit_message_checker.py']",1,"['.py']",1,"['MODIFY']","['completed']","[]","[]","['success']","pass"
"134","3702f1eb02361a7f89f1655a2a35c8a3a0aff8f5","CommitCanvas","Add pathlib to pyproject",FALSE,18,5,13,35,NA,NA,NA,234,0,7,"['model', 'model', 'lexemes.bin', 'strings.json', 'train_spacy_model.py', 'poetry.lock', 'pyproject.toml']",6,"['.bin', '.json', '.lock', '.py', '.toml', 'model']",2,"['ADD', 'MODIFY']","['completed']","[]","[]","['success']","pass"
"135","6addbb71801595edbd70461378275548aac18cb5","CommitCanvas","Remove print statement for debugging",FALSE,0,7,-7,25,NA,NA,NA,154,0,2,"['commit_message_checker.py', 'pyproject.toml']",2,"['.py', '.toml']",1,"['MODIFY']","['completed']","[]","[]","['success']","pass"
"136","340ff64367781ba12b50a66ff60d8efc4860bfd7","CommitCanvas","Update revision id for commitcanvas",FALSE,1,16,-15,35,NA,NA,NA,234,0,2,"['.pre-commit-config.yaml', 'train_spacy_model.py']",2,"['.py', '.yaml']",1,"['MODIFY']","['completed']","[]","[]","['success']","pass"
"137","cdbdeb734dea7160a9074c706aece197e9f873af","CommitCanvas","Build the package",FALSE,0,9,-9,0,NA,NA,NA,0,0,3,"['.pre-commit-config.yaml', 'CommitCanvas-0.1.0-py3-none-any.whl', 'CommitCanvas-0.1.0.tar.gz']",3,"['.gz', '.whl', '.yaml']",1,"['MODIFY']","['completed']","[]","[]","['success']","pass"
"138","81618c3d81cf8b6725c0d7aaf4f6ec6e02e7181f","CommitCanvas","Fix check for imperative mood",FALSE,14,12,2,60,1,1,1,406,2,4,"['commit_message_checker.cpython-37.pyc', 'commit_message_checker.py', 'training_data.json', 'train_spacy_model.py']",3,"['.json', '.py', '.pyc']",1,"['MODIFY']","['completed']","[]","[]","['success']","pass"
"139","8541d342173686176a7b4217ca249f0897c9d5fb","CommitCanvas","Fix typo",FALSE,0,1,-1,24,0,0,0,156,1,1,"['commit_message_checker.py']",1,"['.py']",1,"['MODIFY']","['completed']","[]","[]","['success']","pass"
"140","0e134ab74ec2393d8162f723ecc78c132ce2202a","CommitCanvas","Update revision id",FALSE,1,1,0,0,NA,NA,NA,0,0,1,"['.pre-commit-config.yaml']",1,"['.yaml']",1,"['MODIFY']","['completed']","[]","[]","['success']","pass"
"141","690c5ef807758a01847b018604d306e055cca2b2","CommitCanvas","Update README.md and add contributing files",FALSE,275,25,250,25,1,1,1,176,1,6,"['CODE_OF_CONDUCT.md', 'CONTRIBUTING.md', 'LICENSE', 'README.md', 'commit_message_checker.py', 'pull_request_template.md']",3,"['.md', '.py', 'LICENSE']",2,"['ADD', 'MODIFY']","['completed']","[]","[]","['success']","pass"
"142","35232768e05f7004bb9b3591c9c946a94f9e322c","CommitCanvas","Add README badge",FALSE,4,2,2,0,NA,NA,NA,0,0,2,"['actions.yml', 'README.md']",2,"['.md', '.yml']",1,"['MODIFY']","['completed']","[]","[]","['success']","pass"
"143","0c234a5ddefe97c9c699e9439ea12d78ebb854b3","CommitCanvas","Remove extra print statement",FALSE,1,2,-1,24,0,0,0,160,1,2,"['.pre-commit-config.yaml', 'commit_message_checker.py']",2,"['.py', '.yaml']",1,"['MODIFY']","['completed']","[]","[]","['success']","pass"
"144","10917a13622cb6ba0b5cb485ccdfc3c365aca0b9","CommitCanvas","Create test suite and update spacy model version",FALSE,238,12,226,107,1,1,1,468,7,9,"['.gitignore', '.pre-commit-config.yaml', 'requires.txt', 'commit_message_checker.cpython-37.pyc', 'commit_message_checker.py', 'pyproject.toml', 'test_commit_canvas_check.py', 'test_commit_message_checker.py', 'test_commitcanvas.py']",6,"['', '.py', '.pyc', '.toml', '.txt', '.yaml']",3,"['ADD', 'DELETE', 'MODIFY']","['completed']","[]","[]","['success']","pass"
"145","7984622121b8e568d6f41f59930a126fc0de32d7","CommitCanvas","Fix minor error",FALSE,1,7,-6,24,NA,NA,NA,160,0,2,"['.pre-commit-config.yaml', 'commit_message_checker.py']",2,"['.py', '.yaml']",1,"['MODIFY']","['completed']","[]","[]","['success']","pass"
"146","f4888af84b0833a802fd5eca5e63803ff0f48359","CommitCanvas","Update revision id",FALSE,1,1,0,0,NA,NA,NA,0,0,1,"['.pre-commit-config.yaml']",1,"['.yaml']",1,"['MODIFY']","['completed']","[]","[]","['success']","pass"
"147","351d7f3e3e578e7de366cb003bba8c62dd14a677","CommitCanvas","Add tests for commitcanvas_check.py",FALSE,102,20,82,52,1,1,1,258,2,5,"['commit_message_checker.cpython-37.pyc', 'commitcanvas_check.py', 'poetry.lock', 'pyproject.toml', 'test_commit_canvas_check.py']",4,"['.lock', '.py', '.pyc', '.toml']",1,"['MODIFY']","['completed']","[]","[]","['success']","pass"
"148","3875e3852586b663ccf586b765178d2321497a69","CommitCanvas","Remove extra dependencies",FALSE,3,32,-29,0,NA,NA,NA,0,0,3,"['requires.txt', 'poetry.lock', 'pyproject.toml']",3,"['.lock', '.toml', '.txt']",1,"['MODIFY']","['completed']","[]","[]","['success']","pass"
"149","23fbe863ce38fc0bfef1d24fdd59b43fbb2ea261","CommitCanvas","Add contributors to README.md",FALSE,9,5,4,0,NA,NA,NA,0,0,1,"['README.md']",1,"['.md']",1,"['MODIFY']","['completed']","[]","[]","['success']","pass"
"150","ce2f72e5c7e74ef60aabaaf33a1e34c67bcbc8e1","CommitCanvas","Add python versions and operating systems to build.yml",FALSE,5,3,2,0,NA,NA,NA,0,0,2,"['build.yml', 'README.md']",2,"['.md', '.yml']",1,"['MODIFY']","['completed', 'completed', 'completed', 'completed', 'completed', 'completed', 'completed', 'completed', 'completed', 'completed', 'completed', 'completed', 'completed', 'completed', 'completed']","[]","[]","['cancelled', 'failure', 'failure', 'cancelled', 'cancelled', 'cancelled', 'cancelled', 'cancelled', 'cancelled', 'cancelled', 'cancelled', 'cancelled', 'cancelled', 'cancelled', 'cancelled']","fail"
"151","58d80d672419915b1589f08c168c40b8d2d23744","CommitCanvas","Add python versions",FALSE,2,2,0,0,NA,NA,NA,0,0,2,"['PKG-INFO', 'pyproject.toml']",2,"['.toml', 'PKG-INFO']",1,"['MODIFY']","['completed', 'completed', 'completed', 'completed', 'completed', 'completed', 'completed', 'completed', 'completed', 'completed', 'completed', 'completed', 'completed', 'completed', 'completed']","[]","[]","['failure', 'failure', 'cancelled', 'cancelled', 'cancelled', 'cancelled', 'cancelled', 'cancelled', 'cancelled', 'cancelled', 'cancelled', 'cancelled', 'cancelled', 'cancelled', 'cancelled']","fail"
"152","d2a9dc01122829ff8c29bb82897304f7eb78e8b3","CommitCanvas","Fix python version",FALSE,1,1,0,0,NA,NA,NA,0,0,1,"['pyproject.toml']",1,"['.toml']",1,"['MODIFY']","['completed', 'completed', 'completed', 'completed', 'completed', 'completed', 'completed', 'completed', 'completed', 'completed', 'completed', 'completed', 'completed', 'completed', 'completed']","[]","[]","['failure', 'failure', 'failure', 'cancelled', 'cancelled', 'cancelled', 'cancelled', 'cancelled', 'cancelled', 'cancelled', 'cancelled', 'cancelled', 'cancelled', 'cancelled', 'cancelled']","fail"
"153","89e2e127ce39e079219bf3df2e23a25f81b483e6","CommitCanvas","Update README",FALSE,33,1,32,0,NA,NA,NA,0,0,6,"['build.yml', 'README.md', '__init__.cpython-37.pyc', '__main__.cpython-37.pyc', '__init__.cpython-37.pyc', 'test_commitcanvas.cpython-37-pytest-5.4.3.pyc']",3,"['.md', '.pyc', '.yml']",3,"['DELETE', 'MODIFY', 'RENAME']","['completed']","[]","[]","['success']","pass"
"154","5cace2eac6c114586335fadde270b76d87ee47fb","CommitCanvas","Fix python version in build.yml",FALSE,1,1,0,0,NA,NA,NA,0,0,1,"['build.yml']",1,"['.yml']",1,"['MODIFY']","['completed', 'completed', 'completed']","[]","[]","['success', 'success', 'success']","pass"
"155","e520f9bd265537aeaf18c19be8c42c7c54bd1063","CommitCanvas","Add more python versions for testing",FALSE,2,3,-1,0,NA,NA,NA,0,0,3,"['build.yml', '.pre-commit-config.yaml', 'pyproject.toml']",3,"['.toml', '.yaml', '.yml']",1,"['MODIFY']","['completed', 'completed', 'completed', 'completed', 'completed', 'completed', 'completed', 'completed', 'completed', 'completed', 'completed', 'completed']","[]","[]","['failure', 'cancelled', 'cancelled', 'cancelled', 'cancelled', 'cancelled', 'cancelled', 'cancelled', 'cancelled', 'cancelled', 'cancelled', 'cancelled']","fail"
"156","d5ef110da2e942750c2e93d0e1253fdaab67180a","CommitCanvas","Remove python 3.6

Pre-commit requires python 3.6.1",FALSE,5,3,2,0,NA,NA,NA,0,0,2,"['build.yml', 'pyproject.toml']",2,"['.toml', '.yml']",1,"['MODIFY']","['completed', 'completed', 'completed', 'completed', 'completed', 'completed', 'completed', 'completed', 'completed']","[]","[]","['success', 'success', 'success', 'success', 'success', 'success', 'success', 'success', 'success']","pass"
"157","7cb0df7359521d5a9e9c860f6ca5def260ed2141","CommitCanvas","Add code coverage report",FALSE,10,0,10,0,NA,NA,NA,0,0,1,"['build.yml']",1,"['.yml']",1,"['MODIFY']","['completed', 'completed', 'completed', 'completed', 'completed', 'completed', 'completed', 'completed', 'completed']","[]","[]","['cancelled', 'failure', 'cancelled', 'cancelled', 'cancelled', 'cancelled', 'cancelled', 'cancelled', 'cancelled']","fail"
"158","cd096e722146039b3787697e64c25afce313d65d","CommitCanvas","Add code coverage with poetry",FALSE,114,67,47,0,NA,NA,NA,0,0,5,"['build.yml', 'README.md', 'PKG-INFO', 'poetry.lock', 'pyproject.toml']",5,"['.lock', '.md', '.toml', '.yml', 'PKG-INFO']",1,"['MODIFY']","['completed', 'completed', 'completed', 'completed', 'completed', 'completed', 'completed', 'completed', 'completed']","[]","[]","['success', 'success', 'success', 'success', 'success', 'success', 'success', 'success', 'success']","pass"
"159","aba5485c8dca42468e77d91d8163a9c672c02283","CommitCanvas","Upload coverage reports using bash uploader",FALSE,2,3,-1,0,NA,NA,NA,0,0,1,"['build.yml']",1,"['.yml']",1,"['MODIFY']","['completed', 'completed', 'completed', 'completed', 'completed', 'completed', 'completed', 'completed', 'completed']","[]","[]","['success', 'success', 'success', 'success', 'cancelled', 'success', 'failure', 'cancelled', 'cancelled']","fail"
"160","9215341b7c10db8e03a9f6667a26cfc321f3cc6b","CommitCanvas","Add readme badge for codecov",FALSE,4,3,1,0,NA,NA,NA,0,0,2,"['build.yml', 'README.md']",2,"['.md', '.yml']",1,"['MODIFY']","['completed', 'completed', 'completed', 'completed', 'completed', 'completed', 'completed', 'completed', 'completed']","[]","[]","['success', 'success', 'success', 'cancelled', 'cancelled', 'cancelled', 'cancelled', 'cancelled', 'failure']","fail"
"161","0dea8d35977ce9a7fc5ec711bb55381a2aae2dd0","CommitCanvas","Remove the uploader to codecov",FALSE,1,4,-3,0,NA,NA,NA,0,0,2,"['build.yml', 'PKG-INFO']",2,"['.yml', 'PKG-INFO']",1,"['MODIFY']","['completed', 'completed', 'completed', 'completed', 'completed', 'completed', 'completed', 'completed', 'completed']","[]","[]","['success', 'success', 'success', 'success', 'success', 'success', 'success', 'success', 'success']","pass"
"162","967f2062294ea8124c9d1ab7d091ea2c327dcb2a","CommitCanvas","Add more tests",FALSE,32,5,27,72,1,1,1,374,4,5,"['commit_message_checker.cpython-37.pyc', 'commit_message_checker.py', 'poetry.lock', 'pyproject.toml', 'test_commit_canvas_check.py']",4,"['.lock', '.py', '.pyc', '.toml']",1,"['MODIFY']","['completed', 'completed', 'completed', 'completed', 'completed', 'completed', 'completed', 'completed', 'completed']","[]","[]","['success', 'success', 'success', 'success', 'success', 'success', 'success', 'success', 'success']","pass"
"163","d350587644190bff78786dbae05d1071112aaa2a","CommitCanvas","Add bash uploader",FALSE,6,2,4,0,NA,NA,NA,0,0,1,"['build.yml']",1,"['.yml']",1,"['MODIFY']","[]","[]","[]","[]","N/A"
